datetime,IF2012,IF2009,spread
2020/6/16 9:30,3778,3839,-61
2020/6/16 9:31,3777.4,3837.6,-60.2
2020/6/16 9:32,3782.4,3840.4,-58
2020/6/16 9:33,3778.2,3838,-59.8
2020/6/16 9:34,3784.8,3846.4,-61.6
2020/6/16 9:35,3793.2,3855.6,-62.4
2020/6/16 9:36,3789.4,3850.8,-61.4
2020/6/16 9:37,3789.2,3850.6,-61.4
2020/6/16 9:38,3789.6,3850.2,-60.6
2020/6/16 9:39,3788,3850,-62
2020/6/16 9:40,3790.4,3850,-59.6
2020/6/16 9:41,3789.8,3848.6,-58.8
2020/6/16 9:42,3791.8,3850.6,-58.8
2020/6/16 9:43,3793.2,3851.8,-58.6
2020/6/16 9:44,3793.2,3853.8,-60.6
2020/6/16 9:45,3795.6,3856.2,-60.6
2020/6/16 9:46,3792.4,3854,-61.6
2020/6/16 9:47,3793.4,3852.4,-59
2020/6/16 9:48,3792,3851.6,-59.6
2020/6/16 9:49,3792.8,3853.2,-60.4
2020/6/16 9:50,3792.4,3853.2,-60.8
2020/6/16 9:51,3792.6,3850.4,-57.8
2020/6/16 9:52,3792.6,3851,-58.4
2020/6/16 9:53,3790.8,3849.2,-58.4
2020/6/16 9:54,3791.8,3850.2,-58.4
2020/6/16 9:55,3789.6,3850,-60.4
2020/6/16 9:56,3789,3850,-61
2020/6/16 9:57,3786,3848.4,-62.4
2020/6/16 9:58,3787.6,3848.6,-61
2020/6/16 9:59,3788.8,3850,-61.2
2020/6/16 10:00,3792.2,3853.2,-61
2020/6/16 10:01,3792.2,3851.4,-59.2
2020/6/16 10:02,3789.4,3851,-61.6
2020/6/16 10:03,3787.8,3848.2,-60.4
2020/6/16 10:04,3787.8,3849.6,-61.8
2020/6/16 10:05,3788.6,3849.4,-60.8
2020/6/16 10:06,3785.6,3846.2,-60.6
2020/6/16 10:07,3783.2,3845.4,-62.2
2020/6/16 10:08,3785.8,3846.2,-60.4
2020/6/16 10:09,3787.8,3848,-60.2
2020/6/16 10:10,3789,3848,-59
2020/6/16 10:11,3788.6,3848.6,-60
2020/6/16 10:12,3789.6,3848.6,-59
2020/6/16 10:13,3785.2,3846.2,-61
2020/6/16 10:14,3785.4,3844.4,-59
2020/6/16 10:15,3784,3843.2,-59.2
2020/6/16 10:16,3783.4,3843.4,-60
2020/6/16 10:17,3783.6,3843,-59.4
2020/6/16 10:18,3782.2,3842.8,-60.6
2020/6/16 10:19,3784.2,3843.8,-59.6
2020/6/16 10:20,3784.4,3843.6,-59.2
2020/6/16 10:21,3784.6,3844.8,-60.2
2020/6/16 10:22,3788.8,3847.8,-59
2020/6/16 10:23,3789.8,3849,-59.2
2020/6/16 10:24,3789.2,3850,-60.8
2020/6/16 10:25,3789.6,3850,-60.4
2020/6/16 10:26,3790.4,3850,-59.6
2020/6/16 10:27,3788,3848.8,-60.8
2020/6/16 10:28,3787,3848,-61
2020/6/16 10:29,3786.8,3846.4,-59.6
2020/6/16 10:30,3791,3850.8,-59.8
2020/6/16 10:31,3789.8,3851.6,-61.8
2020/6/16 10:32,3791.2,3852.2,-61
2020/6/16 10:33,3792,3853.2,-61.2
2020/6/16 10:34,3790.8,3853.4,-62.6
2020/6/16 10:35,3792.8,3854.4,-61.6
2020/6/16 10:36,3794.4,3855.4,-61
2020/6/16 10:37,3794.4,3857.6,-63.2
2020/6/16 10:38,3796.4,3858,-61.6
2020/6/16 10:39,3796.6,3859.2,-62.6
2020/6/16 10:40,3796.4,3858.6,-62.2
2020/6/16 10:41,3794.4,3858,-63.6
2020/6/16 10:42,3793.6,3856,-62.4
2020/6/16 10:43,3794,3855.6,-61.6
2020/6/16 10:44,3797.2,3858.4,-61.2
2020/6/16 10:45,3793.8,3856.4,-62.6
2020/6/16 10:46,3793.4,3855.6,-62.2
2020/6/16 10:47,3792.2,3856.2,-64
2020/6/16 10:48,3794,3856.4,-62.4
2020/6/16 10:49,3795.6,3857.8,-62.2
2020/6/16 10:50,3794.8,3857.2,-62.4
2020/6/16 10:51,3795.6,3857.4,-61.8
2020/6/16 10:52,3795.2,3856.4,-61.2
2020/6/16 10:53,3794.6,3856,-61.4
2020/6/16 10:54,3794.4,3857.8,-63.4
2020/6/16 10:55,3794.8,3856.2,-61.4
2020/6/16 10:56,3794.2,3855.6,-61.4
2020/6/16 10:57,3794,3853.6,-59.6
2020/6/16 10:58,3795,3856.8,-61.8
2020/6/16 10:59,3795.4,3858.2,-62.8
2020/6/16 11:00,3796,3857.8,-61.8
2020/6/16 11:01,3794.6,3856.8,-62.2
2020/6/16 11:02,3795.2,3855.8,-60.6
2020/6/16 11:03,3793.2,3853.8,-60.6
2020/6/16 11:04,3794.2,3854.8,-60.6
2020/6/16 11:05,3793,3854.2,-61.2
2020/6/16 11:06,3790.4,3851.2,-60.8
2020/6/16 11:07,3790,3850.2,-60.2
2020/6/16 11:08,3787.8,3849,-61.2
2020/6/16 11:09,3786.6,3849,-62.4
2020/6/16 11:10,3789.2,3850,-60.8
2020/6/16 11:11,3789.8,3849,-59.2
2020/6/16 11:12,3787.8,3848.6,-60.8
2020/6/16 11:13,3786.6,3848.8,-62.2
2020/6/16 11:14,3785.2,3846.8,-61.6
2020/6/16 11:15,3784.6,3848.4,-63.8
2020/6/16 11:16,3786,3847.6,-61.6
2020/6/16 11:17,3786,3848.8,-62.8
2020/6/16 11:18,3787.8,3850.4,-62.6
2020/6/16 11:19,3787,3850.2,-63.2
2020/6/16 11:20,3790.4,3851.6,-61.2
2020/6/16 11:21,3789.2,3851,-61.8
2020/6/16 11:22,3788,3850.6,-62.6
2020/6/16 11:23,3784.2,3846.8,-62.6
2020/6/16 11:24,3780,3838.8,-58.8
2020/6/16 11:25,3778.2,3840.8,-62.6
2020/6/16 11:26,3777,3838.4,-61.4
2020/6/16 11:27,3776.4,3836.8,-60.4
2020/6/16 11:28,3779.8,3840.8,-61
2020/6/16 11:29,3781,3841,-60
2020/6/16 13:00,3786.4,3851,-64.6
2020/6/16 13:01,3788.6,3851.2,-62.6
2020/6/16 13:02,3789,3852.2,-63.2
2020/6/16 13:03,3789,3851.8,-62.8
2020/6/16 13:04,3792,3856,-64
2020/6/16 13:05,3792.6,3855,-62.4
2020/6/16 13:06,3791.8,3854.8,-63
2020/6/16 13:07,3792.8,3855.2,-62.4
2020/6/16 13:08,3793.2,3855.6,-62.4
2020/6/16 13:09,3794.4,3856.2,-61.8
2020/6/16 13:10,3793.2,3855.4,-62.2
2020/6/16 13:11,3792.6,3854.4,-61.8
2020/6/16 13:12,3792.6,3853.6,-61
2020/6/16 13:13,3790.2,3851.6,-61.4
2020/6/16 13:14,3791.8,3853.8,-62
2020/6/16 13:15,3792,3853.2,-61.2
2020/6/16 13:16,3790.8,3852.4,-61.6
2020/6/16 13:17,3790.8,3852.8,-62
2020/6/16 13:18,3791,3852.6,-61.6
2020/6/16 13:19,3792,3851.4,-59.4
2020/6/16 13:20,3791.6,3852,-60.4
2020/6/16 13:21,3791,3852,-61
2020/6/16 13:22,3792.2,3852.8,-60.6
2020/6/16 13:23,3793,3853.6,-60.6
2020/6/16 13:24,3794.2,3855.8,-61.6
2020/6/16 13:25,3794,3856.6,-62.6
2020/6/16 13:26,3794,3855.8,-61.8
2020/6/16 13:27,3793.8,3855.8,-62
2020/6/16 13:28,3794.8,3856.6,-61.8
2020/6/16 13:29,3795,3857,-62
2020/6/16 13:30,3794.8,3857,-62.2
2020/6/16 13:31,3793.2,3856.2,-63
2020/6/16 13:32,3793,3855.2,-62.2
2020/6/16 13:33,3791.6,3854.8,-63.2
2020/6/16 13:34,3791.4,3854,-62.6
2020/6/16 13:35,3792.6,3854.6,-62
2020/6/16 13:36,3792.2,3855,-62.8
2020/6/16 13:37,3794.6,3855,-60.4
2020/6/16 13:38,3794.6,3856.2,-61.6
2020/6/16 13:39,3794.8,3857.4,-62.6
2020/6/16 13:40,3793.6,3854.8,-61.2
2020/6/16 13:41,3792.8,3855,-62.2
2020/6/16 13:42,3794.2,3856,-61.8
2020/6/16 13:43,3793.8,3856.6,-62.8
2020/6/16 13:44,3792.8,3856.6,-63.8
2020/6/16 13:45,3792.6,3855,-62.4
2020/6/16 13:46,3793.2,3856.6,-63.4
2020/6/16 13:47,3792,3855.2,-63.2
2020/6/16 13:48,3791,3853.8,-62.8
2020/6/16 13:49,3792.4,3854.4,-62
2020/6/16 13:50,3790.8,3853.2,-62.4
2020/6/16 13:51,3790.8,3854,-63.2
2020/6/16 13:52,3791.4,3855.2,-63.8
2020/6/16 13:53,3792.4,3856,-63.6
2020/6/16 13:54,3792.6,3857.6,-65
2020/6/16 13:55,3793.4,3856.8,-63.4
2020/6/16 13:56,3792.6,3856.8,-64.2
2020/6/16 13:57,3793.8,3857.8,-64
2020/6/16 13:58,3792,3855.2,-63.2
2020/6/16 13:59,3791.4,3853.8,-62.4
2020/6/16 14:00,3790.8,3854.4,-63.6
2020/6/16 14:01,3791.4,3854.6,-63.2
2020/6/16 14:02,3792.2,3855.4,-63.2
2020/6/16 14:03,3788.4,3851.4,-63
2020/6/16 14:04,3790.4,3853.4,-63
2020/6/16 14:05,3791.8,3854.2,-62.4
2020/6/16 14:06,3791.8,3853,-61.2
2020/6/16 14:07,3790,3853.6,-63.6
2020/6/16 14:08,3788.4,3852.4,-64
2020/6/16 14:09,3788.8,3853,-64.2
2020/6/16 14:10,3789.4,3853,-63.6
2020/6/16 14:11,3791.8,3855,-63.2
2020/6/16 14:12,3792.8,3855.8,-63
2020/6/16 14:13,3793,3856.2,-63.2
2020/6/16 14:14,3794,3857,-63
2020/6/16 14:15,3794.8,3857.4,-62.6
2020/6/16 14:16,3794.8,3859,-64.2
2020/6/16 14:17,3794.4,3858.4,-64
2020/6/16 14:18,3794,3858,-64
2020/6/16 14:19,3794.2,3857.2,-63
2020/6/16 14:20,3794.8,3858,-63.2
2020/6/16 14:21,3793.6,3857.2,-63.6
2020/6/16 14:22,3793,3858,-65
2020/6/16 14:23,3793.2,3857,-63.8
2020/6/16 14:24,3794.2,3857,-62.8
2020/6/16 14:25,3793.8,3858.2,-64.4
2020/6/16 14:26,3794.2,3857.8,-63.6
2020/6/16 14:27,3793.6,3858.2,-64.6
2020/6/16 14:28,3793.6,3857.6,-64
2020/6/16 14:29,3795,3857.6,-62.6
2020/6/16 14:30,3795.6,3857.4,-61.8
2020/6/16 14:31,3793,3857.8,-64.8
2020/6/16 14:32,3793,3857.2,-64.2
2020/6/16 14:33,3793,3857.4,-64.4
2020/6/16 14:34,3793.2,3856.4,-63.2
2020/6/16 14:35,3793.2,3855.6,-62.4
2020/6/16 14:36,3791.8,3855,-63.2
2020/6/16 14:37,3791,3854.2,-63.2
2020/6/16 14:38,3791,3854.8,-63.8
2020/6/16 14:39,3790.2,3854.8,-64.6
2020/6/16 14:40,3790.2,3854.6,-64.4
2020/6/16 14:41,3793,3855,-62
2020/6/16 14:42,3793.2,3856.2,-63
2020/6/16 14:43,3793.2,3856.8,-63.6
2020/6/16 14:44,3795.2,3857.6,-62.4
2020/6/16 14:45,3793.6,3858,-64.4
2020/6/16 14:46,3794.8,3857.6,-62.8
2020/6/16 14:47,3794.4,3858.6,-64.2
2020/6/16 14:48,3794.6,3859.4,-64.8
2020/6/16 14:49,3796.8,3860.6,-63.8
2020/6/16 14:50,3797.8,3861.8,-64
2020/6/16 14:51,3797.2,3861.6,-64.4
2020/6/16 14:52,3802.2,3864.2,-62
2020/6/16 14:53,3803.4,3866.4,-63
2020/6/16 14:54,3799.8,3862.2,-62.4
2020/6/16 14:55,3799.2,3862.6,-63.4
2020/6/16 14:56,3800.2,3863.6,-63.4
2020/6/16 14:57,3802.2,3863.2,-61
2020/6/16 14:58,3802,3862,-60
2020/6/16 14:59,3803,3862.2,-59.2
2020/6/17 9:30,3796.8,3856.2,-59.4
2020/6/17 9:31,3792.6,3854.2,-61.6
2020/6/17 9:32,3793.8,3851.6,-57.8
2020/6/17 9:33,3793,3854.2,-61.2
2020/6/17 9:34,3791.4,3852.6,-61.2
2020/6/17 9:35,3793.4,3855.6,-62.2
2020/6/17 9:36,3794.6,3856.4,-61.8
2020/6/17 9:37,3795.6,3857.8,-62.2
2020/6/17 9:38,3794.2,3856.4,-62.2
2020/6/17 9:39,3796,3858,-62
2020/6/17 9:40,3800,3862,-62
2020/6/17 9:41,3801,3862.6,-61.6
2020/6/17 9:42,3801.8,3862.8,-61
2020/6/17 9:43,3801.6,3863.2,-61.6
2020/6/17 9:44,3800.6,3865,-64.4
2020/6/17 9:45,3801.2,3865,-63.8
2020/6/17 9:46,3800,3863.4,-63.4
2020/6/17 9:47,3797.8,3862,-64.2
2020/6/17 9:48,3801.2,3864.8,-63.6
2020/6/17 9:49,3801,3865,-64
2020/6/17 9:50,3798.2,3862.8,-64.6
2020/6/17 9:51,3797,3860,-63
2020/6/17 9:52,3797,3860.4,-63.4
2020/6/17 9:53,3799,3861.8,-62.8
2020/6/17 9:54,3798,3860.4,-62.4
2020/6/17 9:55,3797,3859,-62
2020/6/17 9:56,3796,3858.4,-62.4
2020/6/17 9:57,3796.6,3858.4,-61.8
2020/6/17 9:58,3795.4,3858.6,-63.2
2020/6/17 9:59,3795,3858.6,-63.6
2020/6/17 10:00,3795.2,3856.6,-61.4
2020/6/17 10:01,3794.8,3856,-61.2
2020/6/17 10:02,3795.8,3857.2,-61.4
2020/6/17 10:03,3797.6,3859.8,-62.2
2020/6/17 10:04,3795.8,3859.2,-63.4
2020/6/17 10:05,3797.4,3860.2,-62.8
2020/6/17 10:06,3797.6,3860.8,-63.2
2020/6/17 10:07,3797.4,3860.2,-62.8
2020/6/17 10:08,3798.2,3861.8,-63.6
2020/6/17 10:09,3800.2,3860.4,-60.2
2020/6/17 10:10,3798,3858.4,-60.4
2020/6/17 10:11,3797.8,3859.2,-61.4
2020/6/17 10:12,3797.8,3857.4,-59.6
2020/6/17 10:13,3796,3856.8,-60.8
2020/6/17 10:14,3795,3857.4,-62.4
2020/6/17 10:15,3796,3858.8,-62.8
2020/6/17 10:16,3796.2,3857.4,-61.2
2020/6/17 10:17,3797,3858.6,-61.6
2020/6/17 10:18,3797.2,3859.6,-62.4
2020/6/17 10:19,3797.6,3860.8,-63.2
2020/6/17 10:20,3795.2,3859.6,-64.4
2020/6/17 10:21,3795.4,3859.6,-64.2
2020/6/17 10:22,3795.8,3859.6,-63.8
2020/6/17 10:23,3795,3856.6,-61.6
2020/6/17 10:24,3792,3855.6,-63.6
2020/6/17 10:25,3792.6,3855.6,-63
2020/6/17 10:26,3791.6,3855.8,-64.2
2020/6/17 10:27,3793,3857.2,-64.2
2020/6/17 10:28,3794.4,3856.2,-61.8
2020/6/17 10:29,3793.2,3856.8,-63.6
2020/6/17 10:30,3792.8,3853.6,-60.8
2020/6/17 10:31,3787.8,3850.2,-62.4
2020/6/17 10:32,3787,3848.2,-61.2
2020/6/17 10:33,3784,3847.4,-63.4
2020/6/17 10:34,3784.2,3847.4,-63.2
2020/6/17 10:35,3784.4,3847.2,-62.8
2020/6/17 10:36,3784.6,3847,-62.4
2020/6/17 10:37,3785.8,3848,-62.2
2020/6/17 10:38,3787,3848.8,-61.8
2020/6/17 10:39,3786,3848,-62
2020/6/17 10:40,3785.2,3847.6,-62.4
2020/6/17 10:41,3784.8,3848,-63.2
2020/6/17 10:42,3786.2,3848.2,-62
2020/6/17 10:43,3788,3848.6,-60.6
2020/6/17 10:44,3785.2,3848,-62.8
2020/6/17 10:45,3782.6,3842.2,-59.6
2020/6/17 10:46,3781.4,3843.2,-61.8
2020/6/17 10:47,3782.8,3843.4,-60.6
2020/6/17 10:48,3785,3845.6,-60.6
2020/6/17 10:49,3785,3847.8,-62.8
2020/6/17 10:50,3786.8,3848.6,-61.8
2020/6/17 10:51,3787.6,3850,-62.4
2020/6/17 10:52,3789.6,3850,-60.4
2020/6/17 10:53,3789.2,3852.8,-63.6
2020/6/17 10:54,3789.6,3852.4,-62.8
2020/6/17 10:55,3790.4,3852,-61.6
2020/6/17 10:56,3790,3852,-62
2020/6/17 10:57,3790.8,3851.6,-60.8
2020/6/17 10:58,3789.2,3851.2,-62
2020/6/17 10:59,3788.8,3851.2,-62.4
2020/6/17 11:00,3790.4,3852.6,-62.2
2020/6/17 11:01,3789.8,3852.6,-62.8
2020/6/17 11:02,3789,3851.8,-62.8
2020/6/17 11:03,3790.4,3853,-62.6
2020/6/17 11:04,3791.4,3853.8,-62.4
2020/6/17 11:05,3792.2,3854.4,-62.2
2020/6/17 11:06,3792.8,3855,-62.2
2020/6/17 11:07,3793.6,3855.6,-62
2020/6/17 11:08,3793.4,3854.6,-61.2
2020/6/17 11:09,3791.8,3854.4,-62.6
2020/6/17 11:10,3793.2,3854.8,-61.6
2020/6/17 11:11,3792.2,3855.2,-63
2020/6/17 11:12,3791.2,3853.2,-62
2020/6/17 11:13,3792.6,3855.2,-62.6
2020/6/17 11:14,3792.4,3854.8,-62.4
2020/6/17 11:15,3792.4,3853,-60.6
2020/6/17 11:16,3791.8,3852.2,-60.4
2020/6/17 11:17,3789.4,3853.4,-64
2020/6/17 11:18,3789.6,3852.8,-63.2
2020/6/17 11:19,3791,3853.2,-62.2
2020/6/17 11:20,3792.2,3855,-62.8
2020/6/17 11:21,3793.8,3855.6,-61.8
2020/6/17 11:22,3792,3856,-64
2020/6/17 11:23,3793.4,3855.4,-62
2020/6/17 11:24,3791.8,3853.4,-61.6
2020/6/17 11:25,3792,3854.4,-62.4
2020/6/17 11:26,3793,3854.6,-61.6
2020/6/17 11:27,3792.4,3855.8,-63.4
2020/6/17 11:28,3792.2,3854.4,-62.2
2020/6/17 11:29,3790.4,3854.6,-64.2
2020/6/17 13:00,3792.4,3855.6,-63.2
2020/6/17 13:01,3791.4,3854.4,-63
2020/6/17 13:02,3790.2,3853,-62.8
2020/6/17 13:03,3792,3854.2,-62.2
2020/6/17 13:04,3791.6,3854.2,-62.6
2020/6/17 13:05,3794.4,3855.6,-61.2
2020/6/17 13:06,3792.2,3854.6,-62.4
2020/6/17 13:07,3789.4,3851.8,-62.4
2020/6/17 13:08,3787.8,3850.8,-63
2020/6/17 13:09,3785.4,3849,-63.6
2020/6/17 13:10,3788,3850.6,-62.6
2020/6/17 13:11,3788.6,3851.2,-62.6
2020/6/17 13:12,3789,3850.6,-61.6
2020/6/17 13:13,3789,3850.2,-61.2
2020/6/17 13:14,3787.8,3851,-63.2
2020/6/17 13:15,3788.6,3851.2,-62.6
2020/6/17 13:16,3789.4,3852.4,-63
2020/6/17 13:17,3789.8,3851.8,-62
2020/6/17 13:18,3790.6,3853.2,-62.6
2020/6/17 13:19,3791.8,3853.6,-61.8
2020/6/17 13:20,3791.6,3853,-61.4
2020/6/17 13:21,3790.2,3851.4,-61.2
2020/6/17 13:22,3790.2,3850.4,-60.2
2020/6/17 13:23,3789.6,3850.2,-60.6
2020/6/17 13:24,3790.2,3851.4,-61.2
2020/6/17 13:25,3788.8,3850.2,-61.4
2020/6/17 13:26,3790,3851.6,-61.6
2020/6/17 13:27,3792,3853.6,-61.6
2020/6/17 13:28,3790.8,3851,-60.2
2020/6/17 13:29,3792,3851.6,-59.6
2020/6/17 13:30,3791.6,3852.2,-60.6
2020/6/17 13:31,3794,3854.4,-60.4
2020/6/17 13:32,3794.6,3855,-60.4
2020/6/17 13:33,3794.8,3854.6,-59.8
2020/6/17 13:34,3793.8,3855.8,-62
2020/6/17 13:35,3793.4,3853,-59.6
2020/6/17 13:36,3794.8,3854.6,-59.8
2020/6/17 13:37,3795.2,3855,-59.8
2020/6/17 13:38,3794.2,3855,-60.8
2020/6/17 13:39,3796,3856,-60
2020/6/17 13:40,3794.8,3855.6,-60.8
2020/6/17 13:41,3795,3855.4,-60.4
2020/6/17 13:42,3794.6,3855,-60.4
2020/6/17 13:43,3794.2,3854.2,-60
2020/6/17 13:44,3795.8,3856.6,-60.8
2020/6/17 13:45,3795,3855.4,-60.4
2020/6/17 13:46,3793.8,3852.4,-58.6
2020/6/17 13:47,3794.6,3853.8,-59.2
2020/6/17 13:48,3794.8,3854.6,-59.8
2020/6/17 13:49,3793.8,3853.8,-60
2020/6/17 13:50,3793.6,3852.8,-59.2
2020/6/17 13:51,3794.4,3853,-58.6
2020/6/17 13:52,3793.6,3853.6,-60
2020/6/17 13:53,3794,3853.8,-59.8
2020/6/17 13:54,3795.4,3854.4,-59
2020/6/17 13:55,3793.6,3853,-59.4
2020/6/17 13:56,3794.2,3853.8,-59.6
2020/6/17 13:57,3795.2,3855.2,-60
2020/6/17 13:58,3795.4,3853.8,-58.4
2020/6/17 13:59,3792.8,3852.4,-59.6
2020/6/17 14:00,3793.4,3853,-59.6
2020/6/17 14:01,3794.8,3853.6,-58.8
2020/6/17 14:02,3793.6,3851.6,-58
2020/6/17 14:03,3793.8,3853,-59.2
2020/6/17 14:04,3793,3853.2,-60.2
2020/6/17 14:05,3792.8,3852.4,-59.6
2020/6/17 14:06,3795.4,3854.6,-59.2
2020/6/17 14:07,3796.8,3855.2,-58.4
2020/6/17 14:08,3796.8,3856.6,-59.8
2020/6/17 14:09,3799.8,3857.8,-58
2020/6/17 14:10,3800,3858.4,-58.4
2020/6/17 14:11,3802.4,3861.4,-59
2020/6/17 14:12,3803.8,3863.8,-60
2020/6/17 14:13,3807.2,3864.8,-57.6
2020/6/17 14:14,3806.8,3864.2,-57.4
2020/6/17 14:15,3806,3863.6,-57.6
2020/6/17 14:16,3805.2,3862,-56.8
2020/6/17 14:17,3807,3864.2,-57.2
2020/6/17 14:18,3806.2,3862.6,-56.4
2020/6/17 14:19,3806.8,3864.4,-57.6
2020/6/17 14:20,3808,3865,-57
2020/6/17 14:21,3808.2,3866.4,-58.2
2020/6/17 14:22,3809,3867.8,-58.8
2020/6/17 14:23,3810.6,3867.4,-56.8
2020/6/17 14:24,3812,3869.2,-57.2
2020/6/17 14:25,3811.2,3868.6,-57.4
2020/6/17 14:26,3812.2,3868.6,-56.4
2020/6/17 14:27,3810,3867.2,-57.2
2020/6/17 14:28,3808.8,3867.4,-58.6
2020/6/17 14:29,3811.2,3866.2,-55
2020/6/17 14:30,3809,3866,-57
2020/6/17 14:31,3807,3865.2,-58.2
2020/6/17 14:32,3807.6,3865.2,-57.6
2020/6/17 14:33,3806,3864,-58
2020/6/17 14:34,3805.2,3863.6,-58.4
2020/6/17 14:35,3806,3864.4,-58.4
2020/6/17 14:36,3807.2,3865.8,-58.6
2020/6/17 14:37,3809,3866.8,-57.8
2020/6/17 14:38,3808.8,3866.6,-57.8
2020/6/17 14:39,3810.4,3867.4,-57
2020/6/17 14:40,3808.6,3866,-57.4
2020/6/17 14:41,3807,3864.8,-57.8
2020/6/17 14:42,3807.8,3865.6,-57.8
2020/6/17 14:43,3811.2,3867.6,-56.4
2020/6/17 14:44,3810.8,3868.4,-57.6
2020/6/17 14:45,3810.2,3867.6,-57.4
2020/6/17 14:46,3810,3867,-57
2020/6/17 14:47,3809.4,3867.8,-58.4
2020/6/17 14:48,3810,3867.6,-57.6
2020/6/17 14:49,3808.8,3866.2,-57.4
2020/6/17 14:50,3809.6,3867.2,-57.6
2020/6/17 14:51,3809.4,3867.6,-58.2
2020/6/17 14:52,3809.6,3867.2,-57.6
2020/6/17 14:53,3809.8,3867.2,-57.4
2020/6/17 14:54,3811.2,3867.8,-56.6
2020/6/17 14:55,3811.2,3866.8,-55.6
2020/6/17 14:56,3811,3867.6,-56.6
2020/6/17 14:57,3810.2,3867.8,-57.6
2020/6/17 14:58,3811,3867.6,-56.6
2020/6/17 14:59,3809,3868,-59
2020/6/18 9:30,3804.8,3859.8,-55
2020/6/18 9:31,3802.2,3857.8,-55.6
2020/6/18 9:32,3802.6,3856.6,-54
2020/6/18 9:33,3801.2,3856,-54.8
2020/6/18 9:34,3801.8,3856.8,-55
2020/6/18 9:35,3802.2,3856.8,-54.6
2020/6/18 9:36,3802.6,3856.2,-53.6
2020/6/18 9:37,3802,3856,-54
2020/6/18 9:38,3803,3856.6,-53.6
2020/6/18 9:39,3802,3857.2,-55.2
2020/6/18 9:40,3800.4,3855.4,-55
2020/6/18 9:41,3803.2,3858.6,-55.4
2020/6/18 9:42,3806,3861,-55
2020/6/18 9:43,3808,3862.4,-54.4
2020/6/18 9:44,3806,3860.2,-54.2
2020/6/18 9:45,3807.6,3860.4,-52.8
2020/6/18 9:46,3811,3864.6,-53.6
2020/6/18 9:47,3812,3866.6,-54.6
2020/6/18 9:48,3810.8,3866.4,-55.6
2020/6/18 9:49,3810.8,3865.6,-54.8
2020/6/18 9:50,3810,3864.2,-54.2
2020/6/18 9:51,3808.8,3864.6,-55.8
2020/6/18 9:52,3811,3865,-54
2020/6/18 9:53,3812.6,3866,-53.4
2020/6/18 9:54,3811.4,3866,-54.6
2020/6/18 9:55,3813,3866.2,-53.2
2020/6/18 9:56,3817,3870.8,-53.8
2020/6/18 9:57,3818,3872.4,-54.4
2020/6/18 9:58,3818.8,3873,-54.2
2020/6/18 9:59,3820.8,3874,-53.2
2020/6/18 10:00,3820,3874.8,-54.8
2020/6/18 10:01,3821.6,3877.4,-55.8
2020/6/18 10:02,3825,3879.4,-54.4
2020/6/18 10:03,3821,3876,-55
2020/6/18 10:04,3820,3873.2,-53.2
2020/6/18 10:05,3819.2,3872.8,-53.6
2020/6/18 10:06,3817.6,3870.2,-52.6
2020/6/18 10:07,3818.2,3872.6,-54.4
2020/6/18 10:08,3821.8,3875.8,-54
2020/6/18 10:09,3823.8,3876.2,-52.4
2020/6/18 10:10,3824,3875.6,-51.6
2020/6/18 10:11,3824.6,3875.6,-51
2020/6/18 10:12,3822.4,3873.6,-51.2
2020/6/18 10:13,3823.6,3874.6,-51
2020/6/18 10:14,3824,3875.8,-51.8
2020/6/18 10:15,3825,3876,-51
2020/6/18 10:16,3824.6,3876.2,-51.6
2020/6/18 10:17,3824.6,3875.8,-51.2
2020/6/18 10:18,3824,3874.6,-50.6
2020/6/18 10:19,3825.6,3875.2,-49.6
2020/6/18 10:20,3829,3879,-50
2020/6/18 10:21,3829.2,3879.2,-50
2020/6/18 10:22,3829.2,3879.8,-50.6
2020/6/18 10:23,3829.6,3879.8,-50.2
2020/6/18 10:24,3830.6,3881.2,-50.6
2020/6/18 10:25,3828.4,3878.4,-50
2020/6/18 10:26,3828.6,3879.2,-50.6
2020/6/18 10:27,3830.4,3881.4,-51
2020/6/18 10:28,3833,3883,-50
2020/6/18 10:29,3830.2,3881.2,-51
2020/6/18 10:30,3829.6,3879.4,-49.8
2020/6/18 10:31,3827.2,3877.8,-50.6
2020/6/18 10:32,3827,3877.8,-50.8
2020/6/18 10:33,3827.4,3878.4,-51
2020/6/18 10:34,3827.8,3878,-50.2
2020/6/18 10:35,3826,3876,-50
2020/6/18 10:36,3829,3877.6,-48.6
2020/6/18 10:37,3828.8,3877.4,-48.6
2020/6/18 10:38,3827.8,3876.2,-48.4
2020/6/18 10:39,3826,3873.2,-47.2
2020/6/18 10:40,3828.2,3875.6,-47.4
2020/6/18 10:41,3827.2,3874.8,-47.6
2020/6/18 10:42,3826.2,3873.2,-47
2020/6/18 10:43,3824,3871.8,-47.8
2020/6/18 10:44,3826.2,3873.4,-47.2
2020/6/18 10:45,3828.4,3874.8,-46.4
2020/6/18 10:46,3826.4,3873.4,-47
2020/6/18 10:47,3829,3875,-46
2020/6/18 10:48,3827,3874,-47
2020/6/18 10:49,3826.8,3874.2,-47.4
2020/6/18 10:50,3830,3878.4,-48.4
2020/6/18 10:51,3832,3879.4,-47.4
2020/6/18 10:52,3830,3875.8,-45.8
2020/6/18 10:53,3830.4,3876.4,-46
2020/6/18 10:54,3830,3875.6,-45.6
2020/6/18 10:55,3831.2,3879.2,-48
2020/6/18 10:56,3831,3878.6,-47.6
2020/6/18 10:57,3831.4,3877.4,-46
2020/6/18 10:58,3831.4,3879,-47.6
2020/6/18 10:59,3833.6,3880,-46.4
2020/6/18 11:00,3833.2,3881,-47.8
2020/6/18 11:01,3832,3879,-47
2020/6/18 11:02,3831.6,3880,-48.4
2020/6/18 11:03,3832.6,3879.8,-47.2
2020/6/18 11:04,3832.8,3878,-45.2
2020/6/18 11:05,3831.6,3877.6,-46
2020/6/18 11:06,3832.2,3879.4,-47.2
2020/6/18 11:07,3833,3881,-48
2020/6/18 11:08,3834,3881.8,-47.8
2020/6/18 11:09,3835.6,3883.4,-47.8
2020/6/18 11:10,3838,3886,-48
2020/6/18 11:11,3839.4,3889.6,-50.2
2020/6/18 11:12,3843,3892.4,-49.4
2020/6/18 11:13,3843.6,3892.4,-48.8
2020/6/18 11:14,3849,3900.2,-51.2
2020/6/18 11:15,3850,3904,-54
2020/6/18 11:16,3853,3906,-53
2020/6/18 11:17,3851.2,3902.4,-51.2
2020/6/18 11:18,3859.6,3909.4,-49.8
2020/6/18 11:19,3859.8,3908,-48.2
2020/6/18 11:20,3858,3906.4,-48.4
2020/6/18 11:21,3859.8,3906.8,-47
2020/6/18 11:22,3858.8,3905.4,-46.6
2020/6/18 11:23,3853.2,3899.6,-46.4
2020/6/18 11:24,3856.4,3902.2,-45.8
2020/6/18 11:25,3859,3905,-46
2020/6/18 11:26,3859.8,3908.2,-48.4
2020/6/18 11:27,3856.6,3905.2,-48.6
2020/6/18 11:28,3857.8,3907,-49.2
2020/6/18 11:29,3858.8,3909,-50.2
2020/6/18 13:00,3859.8,3908.8,-49
2020/6/18 13:01,3858.4,3904.4,-46
2020/6/18 13:02,3857.2,3906.2,-49
2020/6/18 13:03,3858,3908.6,-50.6
2020/6/18 13:04,3858.8,3907.6,-48.8
2020/6/18 13:05,3862.2,3910.8,-48.6
2020/6/18 13:06,3860.4,3909.8,-49.4
2020/6/18 13:07,3861,3907.4,-46.4
2020/6/18 13:08,3858.6,3907,-48.4
2020/6/18 13:09,3860.2,3907,-46.8
2020/6/18 13:10,3857.6,3903.8,-46.2
2020/6/18 13:11,3860.6,3908.6,-48
2020/6/18 13:12,3860.8,3908.6,-47.8
2020/6/18 13:13,3860.2,3909,-48.8
2020/6/18 13:14,3860.2,3907.4,-47.2
2020/6/18 13:15,3859.2,3907,-47.8
2020/6/18 13:16,3858,3905.8,-47.8
2020/6/18 13:17,3859.6,3906,-46.4
2020/6/18 13:18,3859.4,3907,-47.6
2020/6/18 13:19,3859,3907.4,-48.4
2020/6/18 13:20,3858.2,3906.4,-48.2
2020/6/18 13:21,3858,3906,-48
2020/6/18 13:22,3857,3904.8,-47.8
2020/6/18 13:23,3856.8,3906,-49.2
2020/6/18 13:24,3860,3908.8,-48.8
2020/6/18 13:25,3861.6,3909,-47.4
2020/6/18 13:26,3860.4,3908.6,-48.2
2020/6/18 13:27,3861.2,3909.6,-48.4
2020/6/18 13:28,3859.6,3909.2,-49.6
2020/6/18 13:29,3861,3909.6,-48.6
2020/6/18 13:30,3861.8,3909.6,-47.8
2020/6/18 13:31,3860.2,3909.8,-49.6
2020/6/18 13:32,3861,3911,-50
2020/6/18 13:33,3860.2,3910.8,-50.6
2020/6/18 13:34,3861.4,3910.6,-49.2
2020/6/18 13:35,3858.8,3907.4,-48.6
2020/6/18 13:36,3858.6,3907.4,-48.8
2020/6/18 13:37,3859.4,3907.8,-48.4
2020/6/18 13:38,3859.8,3908.6,-48.8
2020/6/18 13:39,3859.8,3908,-48.2
2020/6/18 13:40,3861,3909.2,-48.2
2020/6/18 13:41,3864,3913,-49
2020/6/18 13:42,3862.8,3911.4,-48.6
2020/6/18 13:43,3861.2,3910.4,-49.2
2020/6/18 13:44,3860.6,3909.2,-48.6
2020/6/18 13:45,3860,3909.4,-49.4
2020/6/18 13:46,3859,3909.4,-50.4
2020/6/18 13:47,3858.8,3907.2,-48.4
2020/6/18 13:48,3858.4,3908,-49.6
2020/6/18 13:49,3858.6,3908.2,-49.6
2020/6/18 13:50,3858,3907,-49
2020/6/18 13:51,3856.4,3904.6,-48.2
2020/6/18 13:52,3855.4,3904.8,-49.4
2020/6/18 13:53,3855.4,3904.8,-49.4
2020/6/18 13:54,3857,3907,-50
2020/6/18 13:55,3857.6,3907.6,-50
2020/6/18 13:56,3857.4,3907.2,-49.8
2020/6/18 13:57,3857.4,3906.6,-49.2
2020/6/18 13:58,3857.8,3907,-49.2
2020/6/18 13:59,3856.8,3905.8,-49
2020/6/18 14:00,3853.6,3902.2,-48.6
2020/6/18 14:01,3854.8,3902.6,-47.8
2020/6/18 14:02,3855.2,3904.4,-49.2
2020/6/18 14:03,3856,3903.4,-47.4
2020/6/18 14:04,3852,3901.8,-49.8
2020/6/18 14:05,3853.2,3902,-48.8
2020/6/18 14:06,3851.2,3900,-48.8
2020/6/18 14:07,3851,3899.4,-48.4
2020/6/18 14:08,3851.4,3899.8,-48.4
2020/6/18 14:09,3850.4,3899.4,-49
2020/6/18 14:10,3849.2,3898,-48.8
2020/6/18 14:11,3850.8,3900.8,-50
2020/6/18 14:12,3850.6,3900.6,-50
2020/6/18 14:13,3850.6,3900.8,-50.2
2020/6/18 14:14,3852.4,3902.8,-50.4
2020/6/18 14:15,3852.4,3903.8,-51.4
2020/6/18 14:16,3853.8,3904.2,-50.4
2020/6/18 14:17,3852,3902,-50
2020/6/18 14:18,3850.8,3902,-51.2
2020/6/18 14:19,3852.4,3903.8,-51.4
2020/6/18 14:20,3853.4,3905,-51.6
2020/6/18 14:21,3856,3906.4,-50.4
2020/6/18 14:22,3855.2,3905.8,-50.6
2020/6/18 14:23,3854.8,3906,-51.2
2020/6/18 14:24,3855,3905.8,-50.8
2020/6/18 14:25,3855.2,3906,-50.8
2020/6/18 14:26,3858.4,3907.6,-49.2
2020/6/18 14:27,3857.4,3906.8,-49.4
2020/6/18 14:28,3858,3907.6,-49.6
2020/6/18 14:29,3856,3906.8,-50.8
2020/6/18 14:30,3856.4,3907.6,-51.2
2020/6/18 14:31,3856.6,3907.4,-50.8
2020/6/18 14:32,3859,3909,-50
2020/6/18 14:33,3860.8,3910.8,-50
2020/6/18 14:34,3861,3912,-51
2020/6/18 14:35,3862.4,3913.6,-51.2
2020/6/18 14:36,3864.8,3915.2,-50.4
2020/6/18 14:37,3865.4,3916.6,-51.2
2020/6/18 14:38,3866,3916.8,-50.8
2020/6/18 14:39,3861.8,3914,-52.2
2020/6/18 14:40,3862.8,3914.8,-52
2020/6/18 14:41,3862.8,3915.6,-52.8
2020/6/18 14:42,3863,3915.2,-52.2
2020/6/18 14:43,3863,3915.8,-52.8
2020/6/18 14:44,3864.4,3917,-52.6
2020/6/18 14:45,3864.8,3917.8,-53
2020/6/18 14:46,3865.4,3917.2,-51.8
2020/6/18 14:47,3866,3916.4,-50.4
2020/6/18 14:48,3865.2,3916.4,-51.2
2020/6/18 14:49,3863.2,3914.8,-51.6
2020/6/18 14:50,3863.2,3913.6,-50.4
2020/6/18 14:51,3864.8,3915.2,-50.4
2020/6/18 14:52,3865,3915.8,-50.8
2020/6/18 14:53,3864,3915.4,-51.4
2020/6/18 14:54,3864.6,3915.8,-51.2
2020/6/18 14:55,3865.2,3917.2,-52
2020/6/18 14:56,3866.2,3918,-51.8
2020/6/18 14:57,3867.6,3918.2,-50.6
2020/6/18 14:58,3867.8,3920,-52.2
2020/6/18 14:59,3866.2,3917.8,-51.6
2020/6/19 9:30,3873.2,3926,-52.8
2020/6/19 9:31,3879.6,3934,-54.4
2020/6/19 9:32,3884,3936.6,-52.6
2020/6/19 9:33,3882,3935.6,-53.6
2020/6/19 9:34,3884.2,3937.2,-53
2020/6/19 9:35,3885,3937.8,-52.8
2020/6/19 9:36,3890.4,3944.2,-53.8
2020/6/19 9:37,3890,3941.8,-51.8
2020/6/19 9:38,3890.6,3943.2,-52.6
2020/6/19 9:39,3894.4,3945.4,-51
2020/6/19 9:40,3897.4,3947.8,-50.4
2020/6/19 9:41,3894.8,3947.6,-52.8
2020/6/19 9:42,3898.8,3948.6,-49.8
2020/6/19 9:43,3902.4,3952.4,-50
2020/6/19 9:44,3905,3955,-50
2020/6/19 9:45,3904.2,3953.2,-49
2020/6/19 9:46,3904.4,3953,-48.6
2020/6/19 9:47,3906.6,3953.8,-47.2
2020/6/19 9:48,3912.2,3961,-48.8
2020/6/19 9:49,3910.6,3958.8,-48.2
2020/6/19 9:50,3912.2,3958.2,-46
2020/6/19 9:51,3911.6,3958.8,-47.2
2020/6/19 9:52,3911.4,3956.8,-45.4
2020/6/19 9:53,3909.2,3956.2,-47
2020/6/19 9:54,3909.2,3955.4,-46.2
2020/6/19 9:55,3911.6,3957.4,-45.8
2020/6/19 9:56,3912,3957.8,-45.8
2020/6/19 9:57,3907.4,3953.4,-46
2020/6/19 9:58,3901.2,3947.6,-46.4
2020/6/19 9:59,3902,3947.4,-45.4
2020/6/19 10:00,3903,3949.8,-46.8
2020/6/19 10:01,3906.2,3952.6,-46.4
2020/6/19 10:02,3907.4,3952.2,-44.8
2020/6/19 10:03,3908,3953,-45
2020/6/19 10:04,3907,3951.8,-44.8
2020/6/19 10:05,3909.4,3953,-43.6
2020/6/19 10:06,3910,3954,-44
2020/6/19 10:07,3910,3954.2,-44.2
2020/6/19 10:08,3909.8,3955.8,-46
2020/6/19 10:09,3907.6,3953.6,-46
2020/6/19 10:10,3906.8,3952.8,-46
2020/6/19 10:11,3909,3953.6,-44.6
2020/6/19 10:12,3910.2,3954,-43.8
2020/6/19 10:13,3911.4,3957.8,-46.4
2020/6/19 10:14,3916,3960.2,-44.2
2020/6/19 10:15,3917.8,3962.8,-45
2020/6/19 10:16,3922.2,3966,-43.8
2020/6/19 10:17,3927.8,3974,-46.2
2020/6/19 10:18,3926.2,3972,-45.8
2020/6/19 10:19,3926.8,3971.4,-44.6
2020/6/19 10:20,3932.2,3978.2,-46
2020/6/19 10:21,3931.2,3975.4,-44.2
2020/6/19 10:22,3931.2,3973,-41.8
2020/6/19 10:23,3929.8,3973,-43.2
2020/6/19 10:24,3927,3968.8,-41.8
2020/6/19 10:25,3928.2,3970,-41.8
2020/6/19 10:26,3929.2,3971.6,-42.4
2020/6/19 10:27,3929.4,3972.2,-42.8
2020/6/19 10:28,3930,3973,-43
2020/6/19 10:29,3928.6,3972.4,-43.8
2020/6/19 10:30,3929.4,3970.8,-41.4
2020/6/19 10:31,3929.8,3972.4,-42.6
2020/6/19 10:32,3935.4,3975.8,-40.4
2020/6/19 10:33,3931.6,3973,-41.4
2020/6/19 10:34,3929.8,3970.8,-41
2020/6/19 10:35,3929,3969.8,-40.8
2020/6/19 10:36,3927.6,3968,-40.4
2020/6/19 10:37,3927,3966.2,-39.2
2020/6/19 10:38,3925.8,3964,-38.2
2020/6/19 10:39,3924.4,3962.8,-38.4
2020/6/19 10:40,3924,3963,-39
2020/6/19 10:41,3926.6,3966.4,-39.8
2020/6/19 10:42,3927,3967,-40
2020/6/19 10:43,3927.2,3968,-40.8
2020/6/19 10:44,3927.2,3967.8,-40.6
2020/6/19 10:45,3927.4,3967.2,-39.8
2020/6/19 10:46,3928.6,3969.8,-41.2
2020/6/19 10:47,3930,3970.6,-40.6
2020/6/19 10:48,3930.8,3972.4,-41.6
2020/6/19 10:49,3929.8,3971.6,-41.8
2020/6/19 10:50,3931,3973,-42
2020/6/19 10:51,3928.2,3970,-41.8
2020/6/19 10:52,3929,3970.4,-41.4
2020/6/19 10:53,3932.8,3972.4,-39.6
2020/6/19 10:54,3935,3976.6,-41.6
2020/6/19 10:55,3932,3973.2,-41.2
2020/6/19 10:56,3929.2,3971,-41.8
2020/6/19 10:57,3927.4,3969.8,-42.4
2020/6/19 10:58,3930,3973,-43
2020/6/19 10:59,3931.6,3975,-43.4
2020/6/19 11:00,3930.2,3973.2,-43
2020/6/19 11:01,3929.8,3971.6,-41.8
2020/6/19 11:02,3928.4,3969.6,-41.2
2020/6/19 11:03,3928,3968,-40
2020/6/19 11:04,3929,3970,-41
2020/6/19 11:05,3927.8,3967.4,-39.6
2020/6/19 11:06,3927.6,3968.4,-40.8
2020/6/19 11:07,3928.6,3970,-41.4
2020/6/19 11:08,3928.4,3969.4,-41
2020/6/19 11:09,3930,3971.4,-41.4
2020/6/19 11:10,3929.6,3969.4,-39.8
2020/6/19 11:11,3928.2,3968.2,-40
2020/6/19 11:12,3928,3969.2,-41.2
2020/6/19 11:13,3928.4,3970,-41.6
2020/6/19 11:14,3929.2,3970.4,-41.2
2020/6/19 11:15,3930,3970.8,-40.8
2020/6/19 11:16,3930.4,3970,-39.6
2020/6/19 11:17,3929.6,3967.8,-38.2
2020/6/19 11:18,3926.4,3965.4,-39
2020/6/19 11:19,3927,3965.8,-38.8
2020/6/19 11:20,3926,3965.4,-39.4
2020/6/19 11:21,3928.4,3968,-39.6
2020/6/19 11:22,3928.2,3967.8,-39.6
2020/6/19 11:23,3924.6,3963.4,-38.8
2020/6/19 11:24,3922,3961,-39
2020/6/19 11:25,3921.4,3962,-40.6
2020/6/19 11:26,3923.4,3964.6,-41.2
2020/6/19 11:27,3922,3963.6,-41.6
2020/6/19 11:28,3920.6,3963.4,-42.8
2020/6/19 11:29,3918.2,3959.6,-41.4
2020/6/19 13:00,3923,3965.4,-42.4
2020/6/19 13:01,3925.6,3967.8,-42.2
2020/6/19 13:02,3926.8,3969.4,-42.6
2020/6/19 13:03,3926.8,3969.6,-42.8
2020/6/19 13:04,3927.6,3969.2,-41.6
2020/6/19 13:05,3927.8,3969.6,-41.8
2020/6/19 13:06,3929.8,3971,-41.2
2020/6/19 13:07,3929.6,3970.8,-41.2
2020/6/19 13:08,3927.8,3969.2,-41.4
2020/6/19 13:09,3928,3969.8,-41.8
2020/6/19 13:10,3928.4,3971.4,-43
2020/6/19 13:11,3929.2,3971.2,-42
2020/6/19 13:12,3930.6,3972.2,-41.6
2020/6/19 13:13,3930.8,3973.6,-42.8
2020/6/19 13:14,3931.8,3971.8,-40
2020/6/19 13:15,3931,3974,-43
2020/6/19 13:16,3926.8,3971.4,-44.6
2020/6/19 13:17,3926.8,3971.6,-44.8
2020/6/19 13:18,3927,3971,-44
2020/6/19 13:19,3927.6,3972.2,-44.6
2020/6/19 13:20,3926.8,3970,-43.2
2020/6/19 13:21,3927.6,3972.4,-44.8
2020/6/19 13:22,3927.8,3973.2,-45.4
2020/6/19 13:23,3929.4,3975,-45.6
2020/6/19 13:24,3929,3974.2,-45.2
2020/6/19 13:25,3928.2,3973.4,-45.2
2020/6/19 13:26,3928,3974.2,-46.2
2020/6/19 13:27,3929.4,3975.2,-45.8
2020/6/19 13:28,3933.4,3979.2,-45.8
2020/6/19 13:29,3935,3979.4,-44.4
2020/6/19 13:30,3932,3977.4,-45.4
2020/6/19 13:31,3934,3977.4,-43.4
2020/6/19 13:32,3931.2,3976.8,-45.6
2020/6/19 13:33,3933.8,3978.6,-44.8
2020/6/19 13:34,3932,3977.8,-45.8
2020/6/19 13:35,3931.4,3979,-47.6
2020/6/19 13:36,3931.4,3979.6,-48.2
2020/6/19 13:37,3931.6,3979.6,-48
2020/6/19 13:38,3931,3979.2,-48.2
2020/6/19 13:39,3931.8,3979,-47.2
2020/6/19 13:40,3931.8,3978.6,-46.8
2020/6/19 13:41,3932,3977.6,-45.6
2020/6/19 13:42,3932,3978.2,-46.2
2020/6/19 13:43,3932,3977.6,-45.6
2020/6/19 13:44,3932,3978.4,-46.4
2020/6/19 13:45,3932.2,3978.2,-46
2020/6/19 13:46,3932.6,3978.4,-45.8
2020/6/19 13:47,3933.2,3979,-45.8
2020/6/19 13:48,3935.8,3984,-48.2
2020/6/19 13:49,3938.2,3984.8,-46.6
2020/6/19 13:50,3937.6,3985,-47.4
2020/6/19 13:51,3943.6,3988.8,-45.2
2020/6/19 13:52,3943.2,3987.6,-44.4
2020/6/19 13:53,3945.6,3990.2,-44.6
2020/6/19 13:54,3950.4,3994.8,-44.4
2020/6/19 13:55,3948.6,3995,-46.4
2020/6/19 13:56,3949.2,3993.8,-44.6
2020/6/19 13:57,3951,3995.4,-44.4
2020/6/19 13:58,3951,3995,-44
2020/6/19 13:59,3951.2,3996.4,-45.2
2020/6/19 14:00,3956,4001,-45
2020/6/19 14:01,3958.8,4003.2,-44.4
2020/6/19 14:02,3956,3999.8,-43.8
2020/6/19 14:03,3954.4,3999,-44.6
2020/6/19 14:04,3957,4001,-44
2020/6/19 14:05,3956.2,4000.6,-44.4
2020/6/19 14:06,3956.8,4001.2,-44.4
2020/6/19 14:07,3955.2,3999.2,-44
2020/6/19 14:08,3954.8,3996.6,-41.8
2020/6/19 14:09,3953.8,3995.8,-42
2020/6/19 14:10,3952.4,3994,-41.6
2020/6/19 14:11,3951.2,3994.2,-43
2020/6/19 14:12,3951.6,3994.4,-42.8
2020/6/19 14:13,3954.6,3997.6,-43
2020/6/19 14:14,3955,3999.2,-44.2
2020/6/19 14:15,3958.4,4002,-43.6
2020/6/19 14:16,3960.6,4004,-43.4
2020/6/19 14:17,3960.8,4004.6,-43.8
2020/6/19 14:18,3961.8,4003.4,-41.6
2020/6/19 14:19,3965,4007.6,-42.6
2020/6/19 14:20,3966.6,4009,-42.4
2020/6/19 14:21,3967.6,4008.2,-40.6
2020/6/19 14:22,3971.8,4011.8,-40
2020/6/19 14:23,3972,4013.2,-41.2
2020/6/19 14:24,3971.8,4011.6,-39.8
2020/6/19 14:25,3969.4,4009.2,-39.8
2020/6/19 14:26,3968.6,4008.6,-40
2020/6/19 14:27,3971.2,4010.2,-39
2020/6/19 14:28,3972.2,4010.4,-38.2
2020/6/19 14:29,3970.6,4010.2,-39.6
2020/6/19 14:30,3971.8,4010,-38.2
2020/6/19 14:31,3970.2,4008.4,-38.2
2020/6/19 14:32,3969.2,4008,-38.8
2020/6/19 14:33,3971.6,4008.6,-37
2020/6/19 14:34,3974,4013,-39
2020/6/19 14:35,3978,4016,-38
2020/6/19 14:36,3979.6,4017,-37.4
2020/6/19 14:37,3977.6,4016.8,-39.2
2020/6/19 14:38,3979.2,4016.6,-37.4
2020/6/19 14:39,3981.8,4017.6,-35.8
2020/6/19 14:40,3986.2,4019,-32.8
2020/6/19 14:41,3987,4018.6,-31.6
2020/6/19 14:42,3986.4,4015,-28.6
2020/6/19 14:43,3985.6,4014.2,-28.6
2020/6/19 14:44,3984.2,4012.8,-28.6
2020/6/19 14:45,3980.6,4011.2,-30.6
2020/6/19 14:46,3976.8,4009.4,-32.6
2020/6/19 14:47,3975.6,4008.2,-32.6
2020/6/19 14:48,3970.4,4001.2,-30.8
2020/6/19 14:49,3967,3998.6,-31.6
2020/6/19 14:50,3967.8,3999.8,-32
2020/6/19 14:51,3966.6,4000,-33.4
2020/6/19 14:52,3967,4000,-33
2020/6/19 14:53,3965.8,3997,-31.2
2020/6/19 14:54,3966.6,3998.4,-31.8
2020/6/19 14:55,3967.6,4000.4,-32.8
2020/6/19 14:56,3966.4,3998.8,-32.4
2020/6/19 14:57,3963.4,3995,-31.6
2020/6/19 14:58,3961.4,3992.2,-30.8
2020/6/19 14:59,3963.2,3996,-32.8
2020/6/22 9:30,3993,4015.2,-22.2
2020/6/22 9:31,4001,4015.8,-14.8
2020/6/22 9:32,4006,4018.4,-12.4
2020/6/22 9:33,4016.4,4024.6,-8.2
2020/6/22 9:34,4018.2,4027.4,-9.2
2020/6/22 9:35,4019,4029.8,-10.8
2020/6/22 9:36,4021,4032,-11
2020/6/22 9:37,4025,4035.4,-10.4
2020/6/22 9:38,4021.4,4031.4,-10
2020/6/22 9:39,4020.8,4031.4,-10.6
2020/6/22 9:40,4018,4030.4,-12.4
2020/6/22 9:41,4017.2,4030,-12.8
2020/6/22 9:42,4016.6,4030.8,-14.2
2020/6/22 9:43,4016,4031.4,-15.4
2020/6/22 9:44,4021.2,4038.6,-17.4
2020/6/22 9:45,4022.6,4041.2,-18.6
2020/6/22 9:46,4018.8,4036.6,-17.8
2020/6/22 9:47,4016,4036.6,-20.6
2020/6/22 9:48,4015,4036,-21
2020/6/22 9:49,4016.8,4035.2,-18.4
2020/6/22 9:50,4020,4040.2,-20.2
2020/6/22 9:51,4021.8,4039.6,-17.8
2020/6/22 9:52,4021.4,4036.4,-15
2020/6/22 9:53,4020.2,4038,-17.8
2020/6/22 9:54,4018.2,4036.8,-18.6
2020/6/22 9:55,4017.8,4036.4,-18.6
2020/6/22 9:56,4016.2,4033.8,-17.6
2020/6/22 9:57,4014.6,4033.8,-19.2
2020/6/22 9:58,4011,4029.4,-18.4
2020/6/22 9:59,4008.8,4029,-20.2
2020/6/22 10:00,4010.8,4029.4,-18.6
2020/6/22 10:01,4017.4,4034.8,-17.4
2020/6/22 10:02,4014.6,4033.2,-18.6
2020/6/22 10:03,4016.4,4035,-18.6
2020/6/22 10:04,4021.2,4037.4,-16.2
2020/6/22 10:05,4017.8,4034.4,-16.6
2020/6/22 10:06,4021.6,4038.2,-16.6
2020/6/22 10:07,4019.2,4038.8,-19.6
2020/6/22 10:08,4020,4039.6,-19.6
2020/6/22 10:09,4024,4044,-20
2020/6/22 10:10,4025,4044.6,-19.6
2020/6/22 10:11,4033.2,4050.2,-17
2020/6/22 10:12,4035.2,4052.4,-17.2
2020/6/22 10:13,4032,4049.4,-17.4
2020/6/22 10:14,4029,4049.6,-20.6
2020/6/22 10:15,4030,4048.6,-18.6
2020/6/22 10:16,4030,4048.8,-18.8
2020/6/22 10:17,4031.8,4050.2,-18.4
2020/6/22 10:18,4036.2,4053.8,-17.6
2020/6/22 10:19,4030.2,4050.6,-20.4
2020/6/22 10:20,4032.6,4050,-17.4
2020/6/22 10:21,4028.6,4047.8,-19.2
2020/6/22 10:22,4025.8,4045.6,-19.8
2020/6/22 10:23,4028.8,4047.2,-18.4
2020/6/22 10:24,4029.6,4048.8,-19.2
2020/6/22 10:25,4031.4,4050.4,-19
2020/6/22 10:26,4031.4,4051.2,-19.8
2020/6/22 10:27,4029.6,4048.4,-18.8
2020/6/22 10:28,4028.6,4046.8,-18.2
2020/6/22 10:29,4029.8,4048.2,-18.4
2020/6/22 10:30,4031.4,4049.6,-18.2
2020/6/22 10:31,4029.4,4049.2,-19.8
2020/6/22 10:32,4027.4,4045.6,-18.2
2020/6/22 10:33,4026,4044.2,-18.2
2020/6/22 10:34,4024.2,4042.6,-18.4
2020/6/22 10:35,4024.2,4043.2,-19
2020/6/22 10:36,4020.6,4040.2,-19.6
2020/6/22 10:37,4022,4039.8,-17.8
2020/6/22 10:38,4022.4,4041.6,-19.2
2020/6/22 10:39,4026.8,4045,-18.2
2020/6/22 10:40,4026.8,4045.4,-18.6
2020/6/22 10:41,4023.6,4042,-18.4
2020/6/22 10:42,4020.2,4039.8,-19.6
2020/6/22 10:43,4021,4041.2,-20.2
2020/6/22 10:44,4022,4038.8,-16.8
2020/6/22 10:45,4023.6,4040.4,-16.8
2020/6/22 10:46,4024.2,4041.4,-17.2
2020/6/22 10:47,4024.8,4043.4,-18.6
2020/6/22 10:48,4027.6,4045.4,-17.8
2020/6/22 10:49,4026.6,4043.4,-16.8
2020/6/22 10:50,4025.2,4042.4,-17.2
2020/6/22 10:51,4026,4045,-19
2020/6/22 10:52,4027.8,4046.8,-19
2020/6/22 10:53,4027,4045.6,-18.6
2020/6/22 10:54,4025.4,4043,-17.6
2020/6/22 10:55,4026.4,4045.4,-19
2020/6/22 10:56,4025,4045,-20
2020/6/22 10:57,4023,4043.6,-20.6
2020/6/22 10:58,4021,4041,-20
2020/6/22 10:59,4020,4038.6,-18.6
2020/6/22 11:00,4019.2,4039.2,-20
2020/6/22 11:01,4018.8,4037,-18.2
2020/6/22 11:02,4015.6,4034.2,-18.6
2020/6/22 11:03,4016,4036.4,-20.4
2020/6/22 11:04,4017.6,4037.4,-19.8
2020/6/22 11:05,4018.8,4039.2,-20.4
2020/6/22 11:06,4021.2,4042.6,-21.4
2020/6/22 11:07,4023.2,4042.6,-19.4
2020/6/22 11:08,4021.2,4041.4,-20.2
2020/6/22 11:09,4021.4,4041.6,-20.2
2020/6/22 11:10,4020.2,4041.2,-21
2020/6/22 11:11,4019.4,4039.6,-20.2
2020/6/22 11:12,4021.6,4042.6,-21
2020/6/22 11:13,4020.4,4041.4,-21
2020/6/22 11:14,4017,4037.2,-20.2
2020/6/22 11:15,4015.4,4036,-20.6
2020/6/22 11:16,4017,4037.2,-20.2
2020/6/22 11:17,4018.2,4038,-19.8
2020/6/22 11:18,4018.4,4038.2,-19.8
2020/6/22 11:19,4019,4038,-19
2020/6/22 11:20,4017.2,4036.4,-19.2
2020/6/22 11:21,4018.6,4037.6,-19
2020/6/22 11:22,4019.2,4037.8,-18.6
2020/6/22 11:23,4019.8,4039.4,-19.6
2020/6/22 11:24,4021,4041,-20
2020/6/22 11:25,4019.8,4040.8,-21
2020/6/22 11:26,4020.6,4041.4,-20.8
2020/6/22 11:27,4020.6,4040,-19.4
2020/6/22 11:28,4020.6,4040.4,-19.8
2020/6/22 11:29,4018.6,4039.8,-21.2
2020/6/22 13:00,4015.2,4035.8,-20.6
2020/6/22 13:01,4016.4,4036.4,-20
2020/6/22 13:02,4015.8,4036.6,-20.8
2020/6/22 13:03,4016,4036.6,-20.6
2020/6/22 13:04,4018.8,4038.8,-20
2020/6/22 13:05,4022,4041.2,-19.2
2020/6/22 13:06,4023,4043,-20
2020/6/22 13:07,4021.4,4042,-20.6
2020/6/22 13:08,4023,4044,-21
2020/6/22 13:09,4020.4,4041,-20.6
2020/6/22 13:10,4020,4041,-21
2020/6/22 13:11,4020.2,4040.4,-20.2
2020/6/22 13:12,4023,4042.6,-19.6
2020/6/22 13:13,4021.2,4042.8,-21.6
2020/6/22 13:14,4020.8,4041.2,-20.4
2020/6/22 13:15,4018.4,4039.8,-21.4
2020/6/22 13:16,4018,4039.4,-21.4
2020/6/22 13:17,4019.8,4039.8,-20
2020/6/22 13:18,4021.4,4042.4,-21
2020/6/22 13:19,4022.8,4043.4,-20.6
2020/6/22 13:20,4021.4,4041.8,-20.4
2020/6/22 13:21,4021.2,4041.4,-20.2
2020/6/22 13:22,4021.4,4042.4,-21
2020/6/22 13:23,4018.8,4040.8,-22
2020/6/22 13:24,4019.6,4040.8,-21.2
2020/6/22 13:25,4019.8,4041.8,-22
2020/6/22 13:26,4018.4,4040.2,-21.8
2020/6/22 13:27,4020.2,4041.6,-21.4
2020/6/22 13:28,4019.4,4041.4,-22
2020/6/22 13:29,4019.4,4041.6,-22.2
2020/6/22 13:30,4015,4037.6,-22.6
2020/6/22 13:31,4016.6,4038.2,-21.6
2020/6/22 13:32,4014.6,4035.2,-20.6
2020/6/22 13:33,4014.2,4036.4,-22.2
2020/6/22 13:34,4015.4,4036.6,-21.2
2020/6/22 13:35,4012.8,4033.2,-20.4
2020/6/22 13:36,4011,4032.8,-21.8
2020/6/22 13:37,4012,4033.8,-21.8
2020/6/22 13:38,4013.8,4034.2,-20.4
2020/6/22 13:39,4010.6,4032,-21.4
2020/6/22 13:40,4011,4033.2,-22.2
2020/6/22 13:41,4008,4030.4,-22.4
2020/6/22 13:42,4006.4,4028.8,-22.4
2020/6/22 13:43,4005.4,4027.4,-22
2020/6/22 13:44,4002,4024.4,-22.4
2020/6/22 13:45,4002.6,4025.6,-23
2020/6/22 13:46,4003.8,4025.6,-21.8
2020/6/22 13:47,4001.8,4026,-24.2
2020/6/22 13:48,4002.2,4025.4,-23.2
2020/6/22 13:49,4003.2,4027,-23.8
2020/6/22 13:50,4002.2,4025.4,-23.2
2020/6/22 13:51,3997.6,4021,-23.4
2020/6/22 13:52,3996.2,4020.2,-24
2020/6/22 13:53,3998.2,4022.8,-24.6
2020/6/22 13:54,3997.4,4022,-24.6
2020/6/22 13:55,3997.2,4023.4,-26.2
2020/6/22 13:56,3997.8,4023.4,-25.6
2020/6/22 13:57,3999.6,4023.8,-24.2
2020/6/22 13:58,3995.8,4021,-25.2
2020/6/22 13:59,3994.4,4019.8,-25.4
2020/6/22 14:00,3990.4,4014.6,-24.2
2020/6/22 14:01,3984.2,4010.6,-26.4
2020/6/22 14:02,3986,4010.6,-24.6
2020/6/22 14:03,3985,4008,-23
2020/6/22 14:04,3982.4,4008.2,-25.8
2020/6/22 14:05,3987,4010.8,-23.8
2020/6/22 14:06,3987.2,4011.8,-24.6
2020/6/22 14:07,3987.6,4012,-24.4
2020/6/22 14:08,3988.6,4013.6,-25
2020/6/22 14:09,3990,4014.8,-24.8
2020/6/22 14:10,3989,4015,-26
2020/6/22 14:11,3992.8,4018.2,-25.4
2020/6/22 14:12,3994.2,4019.4,-25.2
2020/6/22 14:13,3991.8,4018,-26.2
2020/6/22 14:14,3992.4,4018.8,-26.4
2020/6/22 14:15,3991.2,4014.8,-23.6
2020/6/22 14:16,3991.4,4016.2,-24.8
2020/6/22 14:17,3991.4,4016.8,-25.4
2020/6/22 14:18,3992.4,4017,-24.6
2020/6/22 14:19,3991.8,4016.6,-24.8
2020/6/22 14:20,3995.8,4018.2,-22.4
2020/6/22 14:21,3993.4,4017.6,-24.2
2020/6/22 14:22,3992.4,4016.2,-23.8
2020/6/22 14:23,3993.2,4017.6,-24.4
2020/6/22 14:24,3994,4018.8,-24.8
2020/6/22 14:25,3994.6,4018.8,-24.2
2020/6/22 14:26,3994.2,4019.4,-25.2
2020/6/22 14:27,3994.8,4020,-25.2
2020/6/22 14:28,3995,4020,-25
2020/6/22 14:29,3994.8,4019.8,-25
2020/6/22 14:30,3995.2,4019.8,-24.6
2020/6/22 14:31,3992.8,4018,-25.2
2020/6/22 14:32,3991.2,4017.6,-26.4
2020/6/22 14:33,3993,4018,-25
2020/6/22 14:34,3994.4,4019,-24.6
2020/6/22 14:35,3994.8,4021.2,-26.4
2020/6/22 14:36,3996,4021,-25
2020/6/22 14:37,3996.2,4021,-24.8
2020/6/22 14:38,3998.4,4021.8,-23.4
2020/6/22 14:39,3997.8,4024,-26.2
2020/6/22 14:40,3997.6,4023.6,-26
2020/6/22 14:41,3999.4,4025.2,-25.8
2020/6/22 14:42,3998,4024,-26
2020/6/22 14:43,4000,4024,-24
2020/6/22 14:44,4001,4026,-25
2020/6/22 14:45,3999.6,4025,-25.4
2020/6/22 14:46,3998,4022,-24
2020/6/22 14:47,3997.4,4023.4,-26
2020/6/22 14:48,3997,4023.4,-26.4
2020/6/22 14:49,3997,4021.6,-24.6
2020/6/22 14:50,3996,4020.6,-24.6
2020/6/22 14:51,3996,4020.8,-24.8
2020/6/22 14:52,3996.4,4020.8,-24.4
2020/6/22 14:53,3996.8,4022.6,-25.8
2020/6/22 14:54,3995.8,4021.8,-26
2020/6/22 14:55,3992.2,4018.6,-26.4
2020/6/22 14:56,3992.8,4018.6,-25.8
2020/6/22 14:57,3992.4,4018.6,-26.2
2020/6/22 14:58,3991.2,4017.2,-26
2020/6/22 14:59,3991.6,4020.2,-28.6
2020/6/23 9:30,3966.4,3997.8,-31.4
2020/6/23 9:31,3980,4011,-31
2020/6/23 9:32,3980,4011,-31
2020/6/23 9:33,3982.2,4013.2,-31
2020/6/23 9:34,3982,4011.8,-29.8
2020/6/23 9:35,3981.4,4010.4,-29
2020/6/23 9:36,3983,4013.8,-30.8
2020/6/23 9:37,3982.4,4012.8,-30.4
2020/6/23 9:38,3978.4,4009,-30.6
2020/6/23 9:39,3975.2,4005.2,-30
2020/6/23 9:40,3976.8,4008,-31.2
2020/6/23 9:41,3973.2,4002,-28.8
2020/6/23 9:42,3970.6,4001.2,-30.6
2020/6/23 9:43,3970,4000.2,-30.2
2020/6/23 9:44,3963.8,3995.4,-31.6
2020/6/23 9:45,3958.6,3989.6,-31
2020/6/23 9:46,3963,3995,-32
2020/6/23 9:47,3961.8,3994.2,-32.4
2020/6/23 9:48,3962.6,3994.8,-32.2
2020/6/23 9:49,3960.4,3993,-32.6
2020/6/23 9:50,3961.6,3993.2,-31.6
2020/6/23 9:51,3965.8,3997.4,-31.6
2020/6/23 9:52,3964,3995.8,-31.8
2020/6/23 9:53,3962,3997.2,-35.2
2020/6/23 9:54,3963.6,3995.2,-31.6
2020/6/23 9:55,3963.4,3994.2,-30.8
2020/6/23 9:56,3962.4,3994.4,-32
2020/6/23 9:57,3960.8,3991.8,-31
2020/6/23 9:58,3960.8,3993.6,-32.8
2020/6/23 9:59,3963,3994.2,-31.2
2020/6/23 10:00,3967.2,4001,-33.8
2020/6/23 10:01,3972.8,4004.4,-31.6
2020/6/23 10:02,3972,4004,-32
2020/6/23 10:03,3976.6,4007.6,-31
2020/6/23 10:04,3976.2,4008,-31.8
2020/6/23 10:05,3974.8,4006,-31.2
2020/6/23 10:06,3969.4,4002.2,-32.8
2020/6/23 10:07,3972.4,4005.4,-33
2020/6/23 10:08,3975.8,4008.6,-32.8
2020/6/23 10:09,3979.2,4009.8,-30.6
2020/6/23 10:10,3976,4007.8,-31.8
2020/6/23 10:11,3974.2,4006.8,-32.6
2020/6/23 10:12,3973.6,4006.8,-33.2
2020/6/23 10:13,3975.8,4009.4,-33.6
2020/6/23 10:14,3976,4008.8,-32.8
2020/6/23 10:15,3976.6,4009.2,-32.6
2020/6/23 10:16,3977.4,4009.2,-31.8
2020/6/23 10:17,3974,4005.8,-31.8
2020/6/23 10:18,3974.8,4006.8,-32
2020/6/23 10:19,3975.4,4007.6,-32.2
2020/6/23 10:20,3973.6,4007.2,-33.6
2020/6/23 10:21,3977,4009,-32
2020/6/23 10:22,3979.6,4012.8,-33.2
2020/6/23 10:23,3983.8,4014.6,-30.8
2020/6/23 10:24,3984.6,4016.4,-31.8
2020/6/23 10:25,3983.4,4016.4,-33
2020/6/23 10:26,3983.4,4016.8,-33.4
2020/6/23 10:27,3988.2,4020.4,-32.2
2020/6/23 10:28,3988.6,4021.2,-32.6
2020/6/23 10:29,3990,4021.8,-31.8
2020/6/23 10:30,3989.8,4022.6,-32.8
2020/6/23 10:31,3994.8,4026.8,-32
2020/6/23 10:32,3992.4,4024,-31.6
2020/6/23 10:33,3991.8,4024,-32.2
2020/6/23 10:34,3993.2,4023.4,-30.2
2020/6/23 10:35,3992,4024,-32
2020/6/23 10:36,3990,4021.6,-31.6
2020/6/23 10:37,3991.8,4023.4,-31.6
2020/6/23 10:38,3990.8,4021.6,-30.8
2020/6/23 10:39,3990.6,4023,-32.4
2020/6/23 10:40,3989.8,4022.6,-32.8
2020/6/23 10:41,3992,4023.6,-31.6
2020/6/23 10:42,3989.2,4020.2,-31
2020/6/23 10:43,3986.4,4017.2,-30.8
2020/6/23 10:44,3985.8,4017.4,-31.6
2020/6/23 10:45,3985,4017,-32
2020/6/23 10:46,3987,4019.4,-32.4
2020/6/23 10:47,3989.4,4021.6,-32.2
2020/6/23 10:48,3987.8,4021,-33.2
2020/6/23 10:49,3988.6,4021.2,-32.6
2020/6/23 10:50,3987.8,4019,-31.2
2020/6/23 10:51,3987,4018.6,-31.6
2020/6/23 10:52,3989.8,4022,-32.2
2020/6/23 10:53,3989.8,4021.4,-31.6
2020/6/23 10:54,3989.2,4024.2,-35
2020/6/23 10:55,3993,4025.4,-32.4
2020/6/23 10:56,3992.6,4026,-33.4
2020/6/23 10:57,3993.2,4027.6,-34.4
2020/6/23 10:58,3995,4027.8,-32.8
2020/6/23 10:59,3993.8,4028,-34.2
2020/6/23 11:00,3993.2,4026,-32.8
2020/6/23 11:01,3995.8,4028.8,-33
2020/6/23 11:02,3995,4028.4,-33.4
2020/6/23 11:03,3995.2,4027.2,-32
2020/6/23 11:04,3992,4025.2,-33.2
2020/6/23 11:05,3992.2,4025.2,-33
2020/6/23 11:06,3991.8,4026.4,-34.6
2020/6/23 11:07,3994,4030.2,-36.2
2020/6/23 11:08,3993.4,4026.8,-33.4
2020/6/23 11:09,3994.2,4027.6,-33.4
2020/6/23 11:10,3992.8,4026,-33.2
2020/6/23 11:11,3993,4026.6,-33.6
2020/6/23 11:12,3996.8,4028.8,-32
2020/6/23 11:13,3998.6,4030.6,-32
2020/6/23 11:14,3997.8,4029,-31.2
2020/6/23 11:15,3998.4,4030,-31.6
2020/6/23 11:16,3997,4028.4,-31.4
2020/6/23 11:17,3994.8,4025.4,-30.6
2020/6/23 11:18,3995.4,4026.2,-30.8
2020/6/23 11:19,3997.2,4026.4,-29.2
2020/6/23 11:20,3997.8,4028,-30.2
2020/6/23 11:21,3992.8,4026.8,-34
2020/6/23 11:22,3992,4024.2,-32.2
2020/6/23 11:23,3992.4,4025.6,-33.2
2020/6/23 11:24,3994.4,4027.2,-32.8
2020/6/23 11:25,3993.6,4026,-32.4
2020/6/23 11:26,3996.4,4028.4,-32
2020/6/23 11:27,3998.6,4030,-31.4
2020/6/23 11:28,3995,4028.8,-33.8
2020/6/23 11:29,3996.8,4031.4,-34.6
2020/6/23 13:00,3998.2,4030.2,-32
2020/6/23 13:01,3997.6,4029,-31.4
2020/6/23 13:02,3998,4028.2,-30.2
2020/6/23 13:03,3997.6,4028,-30.4
2020/6/23 13:04,3997,4028,-31
2020/6/23 13:05,4001.8,4031.8,-30
2020/6/23 13:06,4001,4032,-31
2020/6/23 13:07,4003.4,4034.4,-31
2020/6/23 13:08,3999.6,4031,-31.4
2020/6/23 13:09,4000.2,4032.2,-32
2020/6/23 13:10,4000.6,4033.8,-33.2
2020/6/23 13:11,4000,4031,-31
2020/6/23 13:12,3995,4029.4,-34.4
2020/6/23 13:13,3993.8,4027,-33.2
2020/6/23 13:14,3994.4,4028.2,-33.8
2020/6/23 13:15,3992.2,4025.6,-33.4
2020/6/23 13:16,3990,4022.8,-32.8
2020/6/23 13:17,3988.6,4021,-32.4
2020/6/23 13:18,3986.6,4019.6,-33
2020/6/23 13:19,3986.6,4018.8,-32.2
2020/6/23 13:20,3985.8,4017.6,-31.8
2020/6/23 13:21,3987,4019.2,-32.2
2020/6/23 13:22,3986,4018,-32
2020/6/23 13:23,3984.4,4018,-33.6
2020/6/23 13:24,3981.8,4015.4,-33.6
2020/6/23 13:25,3985.8,4019,-33.2
2020/6/23 13:26,3985.8,4020,-34.2
2020/6/23 13:27,3985.8,4020.2,-34.4
2020/6/23 13:28,3985.6,4019,-33.4
2020/6/23 13:29,3986.6,4019.8,-33.2
2020/6/23 13:30,3983,4018,-35
2020/6/23 13:31,3987.6,4021.4,-33.8
2020/6/23 13:32,3987.2,4020.6,-33.4
2020/6/23 13:33,3995.4,4025.2,-29.8
2020/6/23 13:34,3993.2,4025.8,-32.6
2020/6/23 13:35,3992.4,4024.6,-32.2
2020/6/23 13:36,3992,4024.2,-32.2
2020/6/23 13:37,3993.8,4025.4,-31.6
2020/6/23 13:38,3993.6,4025,-31.4
2020/6/23 13:39,3991.6,4023.8,-32.2
2020/6/23 13:40,3992.4,4025.2,-32.8
2020/6/23 13:41,3989.4,4022.2,-32.8
2020/6/23 13:42,3987.8,4021,-33.2
2020/6/23 13:43,3985.4,4019.2,-33.8
2020/6/23 13:44,3983,4015.4,-32.4
2020/6/23 13:45,3982.6,4015.4,-32.8
2020/6/23 13:46,3983.2,4016,-32.8
2020/6/23 13:47,3980.2,4013.6,-33.4
2020/6/23 13:48,3983,4017,-34
2020/6/23 13:49,3984.4,4018.6,-34.2
2020/6/23 13:50,3983,4016.8,-33.8
2020/6/23 13:51,3982.4,4017.2,-34.8
2020/6/23 13:52,3984.4,4018,-33.6
2020/6/23 13:53,3982,4016,-34
2020/6/23 13:54,3985.4,4018.4,-33
2020/6/23 13:55,3985,4018,-33
2020/6/23 13:56,3983.6,4016,-32.4
2020/6/23 13:57,3985.6,4018.4,-32.8
2020/6/23 13:58,3984,4016.4,-32.4
2020/6/23 13:59,3983.2,4016.8,-33.6
2020/6/23 14:00,3978.8,4013,-34.2
2020/6/23 14:01,3977.6,4010,-32.4
2020/6/23 14:02,3977.4,4011.4,-34
2020/6/23 14:03,3976.8,4010,-33.2
2020/6/23 14:04,3979,4010.8,-31.8
2020/6/23 14:05,3979.4,4014.4,-35
2020/6/23 14:06,3982,4013.4,-31.4
2020/6/23 14:07,3981.4,4015.2,-33.8
2020/6/23 14:08,3982.2,4015.8,-33.6
2020/6/23 14:09,3982.8,4016.4,-33.6
2020/6/23 14:10,3985.8,4018,-32.2
2020/6/23 14:11,3988.6,4019.8,-31.2
2020/6/23 14:12,3988.6,4020.8,-32.2
2020/6/23 14:13,3987.2,4018.8,-31.6
2020/6/23 14:14,3986.8,4018.6,-31.8
2020/6/23 14:15,3988.4,4020.6,-32.2
2020/6/23 14:16,3987,4019.2,-32.2
2020/6/23 14:17,3984,4017.4,-33.4
2020/6/23 14:18,3985,4018.2,-33.2
2020/6/23 14:19,3986.2,4020.8,-34.6
2020/6/23 14:20,3985.4,4019.4,-34
2020/6/23 14:21,3987.4,4021.2,-33.8
2020/6/23 14:22,3984.6,4020.6,-36
2020/6/23 14:23,3983.6,4018.4,-34.8
2020/6/23 14:24,3984,4018.8,-34.8
2020/6/23 14:25,3984.6,4018.8,-34.2
2020/6/23 14:26,3987.4,4021.4,-34
2020/6/23 14:27,3989.8,4023.8,-34
2020/6/23 14:28,3985.6,4020.6,-35
2020/6/23 14:29,3988.2,4023,-34.8
2020/6/23 14:30,3985.2,4019.4,-34.2
2020/6/23 14:31,3987,4022.2,-35.2
2020/6/23 14:32,3987.6,4021.4,-33.8
2020/6/23 14:33,3989,4023.8,-34.8
2020/6/23 14:34,3990.2,4024.4,-34.2
2020/6/23 14:35,3991.8,4024.4,-32.6
2020/6/23 14:36,3993.2,4025.2,-32
2020/6/23 14:37,3990.6,4024,-33.4
2020/6/23 14:38,3988.2,4022.4,-34.2
2020/6/23 14:39,3987,4023.2,-36.2
2020/6/23 14:40,3988,4023,-35
2020/6/23 14:41,3990.8,4028,-37.2
2020/6/23 14:42,3988,4024.6,-36.6
2020/6/23 14:43,3986.2,4021.6,-35.4
2020/6/23 14:44,3986.8,4022.6,-35.8
2020/6/23 14:45,3989.8,4024.2,-34.4
2020/6/23 14:46,3989.8,4023.2,-33.4
2020/6/23 14:47,3990.6,4024.2,-33.6
2020/6/23 14:48,3986.8,4021.4,-34.6
2020/6/23 14:49,3988.2,4023.6,-35.4
2020/6/23 14:50,3989.2,4023.2,-34
2020/6/23 14:51,3990,4023.2,-33.2
2020/6/23 14:52,3991.4,4025.8,-34.4
2020/6/23 14:53,3989.8,4025,-35.2
2020/6/23 14:54,3989.8,4024.6,-34.8
2020/6/23 14:55,3990.4,4024.8,-34.4
2020/6/23 14:56,3989.8,4025,-35.2
2020/6/23 14:57,3989.6,4024.6,-35
2020/6/23 14:58,3989.4,4024,-34.6
2020/6/23 14:59,3987.4,4024.6,-37.2
2020/6/24 9:30,3998.6,4037.6,-39
2020/6/24 9:31,4005.2,4042.8,-37.6
2020/6/24 9:32,4006.2,4044.8,-38.6
2020/6/24 9:33,4005.8,4042.2,-36.4
2020/6/24 9:34,4009.6,4046.6,-37
2020/6/24 9:35,4009.6,4047.4,-37.8
2020/6/24 9:36,4012.2,4049.2,-37
2020/6/24 9:37,4010.4,4048.2,-37.8
2020/6/24 9:38,4011.2,4050,-38.8
2020/6/24 9:39,4010.8,4049.8,-39
2020/6/24 9:40,4005.4,4046.4,-41
2020/6/24 9:41,4004.6,4042.8,-38.2
2020/6/24 9:42,4006.6,4046,-39.4
2020/6/24 9:43,4008,4044.6,-36.6
2020/6/24 9:44,4004,4040.8,-36.8
2020/6/24 9:45,4007.6,4043.6,-36
2020/6/24 9:46,4009.4,4046.2,-36.8
2020/6/24 9:47,4008.8,4045.4,-36.6
2020/6/24 9:48,4012,4048,-36
2020/6/24 9:49,4013,4048.4,-35.4
2020/6/24 9:50,4008.8,4044.6,-35.8
2020/6/24 9:51,4008.8,4045.6,-36.8
2020/6/24 9:52,4006.8,4043,-36.2
2020/6/24 9:53,4006.4,4043,-36.6
2020/6/24 9:54,4008,4046,-38
2020/6/24 9:55,4005,4043,-38
2020/6/24 9:56,4007,4042.2,-35.2
2020/6/24 9:57,4003.8,4036.8,-33
2020/6/24 9:58,4000,4034.2,-34.2
2020/6/24 9:59,4001,4036,-35
2020/6/24 10:00,4004.2,4036.8,-32.6
2020/6/24 10:01,4001.8,4033.4,-31.6
2020/6/24 10:02,4001.2,4033,-31.8
2020/6/24 10:03,4005.6,4035.4,-29.8
2020/6/24 10:04,4005.8,4037.4,-31.6
2020/6/24 10:05,4004.6,4037.6,-33
2020/6/24 10:06,4009,4040,-31
2020/6/24 10:07,4007.2,4040.2,-33
2020/6/24 10:08,4006.8,4038.6,-31.8
2020/6/24 10:09,4007.8,4040.2,-32.4
2020/6/24 10:10,4009.2,4042,-32.8
2020/6/24 10:11,4008.2,4041,-32.8
2020/6/24 10:12,4008.4,4041.6,-33.2
2020/6/24 10:13,4008.6,4042.2,-33.6
2020/6/24 10:14,4006.6,4039.2,-32.6
2020/6/24 10:15,4006.4,4040,-33.6
2020/6/24 10:16,4005.4,4039.6,-34.2
2020/6/24 10:17,4004.6,4038,-33.4
2020/6/24 10:18,4007.2,4040.2,-33
2020/6/24 10:19,4007.4,4041.4,-34
2020/6/24 10:20,4005.4,4038,-32.6
2020/6/24 10:21,4005.4,4038.2,-32.8
2020/6/24 10:22,4004.8,4038.6,-33.8
2020/6/24 10:23,4007.8,4042,-34.2
2020/6/24 10:24,4008.2,4041.2,-33
2020/6/24 10:25,4004,4038.6,-34.6
2020/6/24 10:26,4006.2,4040.6,-34.4
2020/6/24 10:27,4006,4042.2,-36.2
2020/6/24 10:28,4007.4,4042,-34.6
2020/6/24 10:29,4006.8,4040.2,-33.4
2020/6/24 10:30,4005.2,4038,-32.8
2020/6/24 10:31,4008,4040.2,-32.2
2020/6/24 10:32,4004.2,4040.2,-36
2020/6/24 10:33,4007,4040,-33
2020/6/24 10:34,4005.8,4038,-32.2
2020/6/24 10:35,4002.8,4036.6,-33.8
2020/6/24 10:36,4004,4037.2,-33.2
2020/6/24 10:37,4002,4034.6,-32.6
2020/6/24 10:38,4004.2,4035.2,-31
2020/6/24 10:39,4006.4,4038.4,-32
2020/6/24 10:40,4005,4036.4,-31.4
2020/6/24 10:41,4004.8,4037.4,-32.6
2020/6/24 10:42,4003.2,4034.4,-31.2
2020/6/24 10:43,4003.4,4036.2,-32.8
2020/6/24 10:44,4004.6,4038.2,-33.6
2020/6/24 10:45,4003.8,4037,-33.2
2020/6/24 10:46,4002,4037.4,-35.4
2020/6/24 10:47,4003.2,4037.6,-34.4
2020/6/24 10:48,4006,4040.6,-34.6
2020/6/24 10:49,4007.2,4042.6,-35.4
2020/6/24 10:50,4004.6,4039.8,-35.2
2020/6/24 10:51,4004.2,4040.4,-36.2
2020/6/24 10:52,4003.6,4039.6,-36
2020/6/24 10:53,4002.4,4038.2,-35.8
2020/6/24 10:54,4001.8,4037.2,-35.4
2020/6/24 10:55,4001.8,4036.2,-34.4
2020/6/24 10:56,4000,4036.2,-36.2
2020/6/24 10:57,4001.4,4037.8,-36.4
2020/6/24 10:58,4003.2,4038,-34.8
2020/6/24 10:59,4004.2,4039.4,-35.2
2020/6/24 11:00,4004.8,4039.6,-34.8
2020/6/24 11:01,4006.4,4041.8,-35.4
2020/6/24 11:02,4005.8,4042.2,-36.4
2020/6/24 11:03,4004.2,4041,-36.8
2020/6/24 11:04,4003.4,4039.8,-36.4
2020/6/24 11:05,4005.8,4040.6,-34.8
2020/6/24 11:06,4004.8,4041.4,-36.6
2020/6/24 11:07,4007.6,4044.2,-36.6
2020/6/24 11:08,4007.2,4043.2,-36
2020/6/24 11:09,4004.2,4041.8,-37.6
2020/6/24 11:10,4005,4042.2,-37.2
2020/6/24 11:11,4007.4,4044,-36.6
2020/6/24 11:12,4007.8,4044.6,-36.8
2020/6/24 11:13,4008.2,4044,-35.8
2020/6/24 11:14,4011.6,4046.8,-35.2
2020/6/24 11:15,4012,4045.2,-33.2
2020/6/24 11:16,4011.4,4044.4,-33
2020/6/24 11:17,4008.8,4043.4,-34.6
2020/6/24 11:18,4010,4045.4,-35.4
2020/6/24 11:19,4010.8,4045.2,-34.4
2020/6/24 11:20,4008.8,4044.2,-35.4
2020/6/24 11:21,4008.2,4044.8,-36.6
2020/6/24 11:22,4012.8,4047,-34.2
2020/6/24 11:23,4010.6,4047.4,-36.8
2020/6/24 11:24,4010.4,4047,-36.6
2020/6/24 11:25,4006.6,4043.6,-37
2020/6/24 11:26,4005.6,4041,-35.4
2020/6/24 11:27,4003.2,4039.8,-36.6
2020/6/24 11:28,4001,4036.2,-35.2
2020/6/24 11:29,3999,4036.6,-37.6
2020/6/24 13:00,4000.4,4037.4,-37
2020/6/24 13:01,4000.6,4037,-36.4
2020/6/24 13:02,3999.8,4036.6,-36.8
2020/6/24 13:03,4000,4038,-38
2020/6/24 13:04,4002.4,4038.2,-35.8
2020/6/24 13:05,3996,4035.8,-39.8
2020/6/24 13:06,3996.8,4035.8,-39
2020/6/24 13:07,3998,4035,-37
2020/6/24 13:08,3999.4,4036.2,-36.8
2020/6/24 13:09,4000.4,4037.6,-37.2
2020/6/24 13:10,3998.2,4035.8,-37.6
2020/6/24 13:11,3997.8,4034.8,-37
2020/6/24 13:12,3997.6,4034.4,-36.8
2020/6/24 13:13,3999.6,4036.4,-36.8
2020/6/24 13:14,3997.4,4037,-39.6
2020/6/24 13:15,3998,4035.2,-37.2
2020/6/24 13:16,3998.8,4035.4,-36.6
2020/6/24 13:17,3998.8,4036.8,-38
2020/6/24 13:18,3998.8,4035.8,-37
2020/6/24 13:19,4000,4036,-36
2020/6/24 13:20,3998.8,4035.8,-37
2020/6/24 13:21,3997.8,4034.4,-36.6
2020/6/24 13:22,3997.8,4035.6,-37.8
2020/6/24 13:23,3998,4035,-37
2020/6/24 13:24,3998.2,4034.4,-36.2
2020/6/24 13:25,3998.6,4035.4,-36.8
2020/6/24 13:26,3998.8,4035,-36.2
2020/6/24 13:27,3998.4,4034.4,-36
2020/6/24 13:28,3998.4,4036.4,-38
2020/6/24 13:29,3996.8,4034.4,-37.6
2020/6/24 13:30,3995,4033,-38
2020/6/24 13:31,3998,4036.2,-38.2
2020/6/24 13:32,3998.4,4037,-38.6
2020/6/24 13:33,3997,4036.8,-39.8
2020/6/24 13:34,3999.4,4037.4,-38
2020/6/24 13:35,4000,4038.6,-38.6
2020/6/24 13:36,4001.4,4038.2,-36.8
2020/6/24 13:37,4000.4,4039.2,-38.8
2020/6/24 13:38,4002.4,4041.2,-38.8
2020/6/24 13:39,4002.4,4040.6,-38.2
2020/6/24 13:40,4004,4043,-39
2020/6/24 13:41,4004.6,4042.6,-38
2020/6/24 13:42,4007.4,4045.4,-38
2020/6/24 13:43,4007,4044.8,-37.8
2020/6/24 13:44,4006.8,4043.4,-36.6
2020/6/24 13:45,4005,4041.6,-36.6
2020/6/24 13:46,4005.6,4042.4,-36.8
2020/6/24 13:47,4005,4042.2,-37.2
2020/6/24 13:48,4005,4043.2,-38.2
2020/6/24 13:49,4006,4044.2,-38.2
2020/6/24 13:50,4005.2,4043,-37.8
2020/6/24 13:51,4002.4,4040.4,-38
2020/6/24 13:52,4002,4041,-39
2020/6/24 13:53,4002.8,4042.2,-39.4
2020/6/24 13:54,4003.8,4041.8,-38
2020/6/24 13:55,4004.8,4043,-38.2
2020/6/24 13:56,4004.8,4041.4,-36.6
2020/6/24 13:57,4005,4041,-36
2020/6/24 13:58,4002.8,4040.4,-37.6
2020/6/24 13:59,4001.8,4040.2,-38.4
2020/6/24 14:00,4002.6,4040.4,-37.8
2020/6/24 14:01,4003.4,4041,-37.6
2020/6/24 14:02,4001.6,4037.8,-36.2
2020/6/24 14:03,4001.4,4038,-36.6
2020/6/24 14:04,4002.6,4038.8,-36.2
2020/6/24 14:05,4002.8,4039.2,-36.4
2020/6/24 14:06,4002.6,4038.6,-36
2020/6/24 14:07,4005.6,4040.6,-35
2020/6/24 14:08,4006.2,4041.4,-35.2
2020/6/24 14:09,4007,4044,-37
2020/6/24 14:10,4008,4044.8,-36.8
2020/6/24 14:11,4009.6,4047.8,-38.2
2020/6/24 14:12,4009.2,4046,-36.8
2020/6/24 14:13,4008.2,4045.8,-37.6
2020/6/24 14:14,4011.6,4047.8,-36.2
2020/6/24 14:15,4011.4,4047.4,-36
2020/6/24 14:16,4009.6,4045.2,-35.6
2020/6/24 14:17,4010.8,4045,-34.2
2020/6/24 14:18,4012.2,4046,-33.8
2020/6/24 14:19,4010.4,4044.6,-34.2
2020/6/24 14:20,4011.8,4045.2,-33.4
2020/6/24 14:21,4011.4,4045,-33.6
2020/6/24 14:22,4011.2,4046.8,-35.6
2020/6/24 14:23,4012.6,4046.4,-33.8
2020/6/24 14:24,4010.8,4045.4,-34.6
2020/6/24 14:25,4013.4,4047.2,-33.8
2020/6/24 14:26,4014.6,4048,-33.4
2020/6/24 14:27,4015.6,4049.8,-34.2
2020/6/24 14:28,4016,4050,-34
2020/6/24 14:29,4018.6,4053.2,-34.6
2020/6/24 14:30,4015.6,4051,-35.4
2020/6/24 14:31,4017,4051,-34
2020/6/24 14:32,4015,4049.8,-34.8
2020/6/24 14:33,4015.8,4049.8,-34
2020/6/24 14:34,4016,4051.2,-35.2
2020/6/24 14:35,4016.2,4052.8,-36.6
2020/6/24 14:36,4015.8,4053,-37.2
2020/6/24 14:37,4017.2,4053.4,-36.2
2020/6/24 14:38,4016,4054.6,-38.6
2020/6/24 14:39,4017.6,4055,-37.4
2020/6/24 14:40,4017.2,4053,-35.8
2020/6/24 14:41,4019,4056,-37
2020/6/24 14:42,4017.8,4056,-38.2
2020/6/24 14:43,4017.8,4055.6,-37.8
2020/6/24 14:44,4019.6,4057.4,-37.8
2020/6/24 14:45,4021,4058.4,-37.4
2020/6/24 14:46,4022.6,4059,-36.4
2020/6/24 14:47,4022.8,4059.6,-36.8
2020/6/24 14:48,4022.4,4060.2,-37.8
2020/6/24 14:49,4024.6,4062,-37.4
2020/6/24 14:50,4025,4061,-36
2020/6/24 14:51,4023,4060,-37
2020/6/24 14:52,4023.8,4061,-37.2
2020/6/24 14:53,4025.8,4061.2,-35.4
2020/6/24 14:54,4026.6,4062.8,-36.2
2020/6/24 14:55,4024.4,4059.8,-35.4
2020/6/24 14:56,4024.2,4059.6,-35.4
2020/6/24 14:57,4023.2,4058.8,-35.6
2020/6/24 14:58,4024.8,4060.8,-36
2020/6/24 14:59,4027.6,4063,-35.4
2020/6/29 9:30,4016.8,4058.6,-41.8
2020/6/29 9:31,4007.4,4048.4,-41
2020/6/29 9:32,4000,4040.2,-40.2
2020/6/29 9:33,4000.4,4038.2,-37.8
2020/6/29 9:34,3991.2,4030,-38.8
2020/6/29 9:35,3989.4,4027.2,-37.8
2020/6/29 9:36,3988.2,4026.4,-38.2
2020/6/29 9:37,3986.4,4025.6,-39.2
2020/6/29 9:38,3981.2,4020.2,-39
2020/6/29 9:39,3988.4,4024.6,-36.2
2020/6/29 9:40,3992.6,4029,-36.4
2020/6/29 9:41,4003.4,4038.2,-34.8
2020/6/29 9:42,4006.4,4041,-34.6
2020/6/29 9:43,4004.6,4038.4,-33.8
2020/6/29 9:44,4005,4038.2,-33.2
2020/6/29 9:45,4010.8,4042.8,-32
2020/6/29 9:46,4005,4038.8,-33.8
2020/6/29 9:47,4001.2,4034,-32.8
2020/6/29 9:48,3998.4,4032.8,-34.4